name,email
User1 Name,user1@example.com
User2 Name,user2@example.com
User3 Name,user3@example.com
User4 Name,user4@example.com
User5 Name,user5@example.com
User6 Name,user6@example.com
User7 Name,user7@example.com
User8 Name,user8@example.com
User9 Name,user9@example.com
User10 Name,user10@example.com
User11 Name,user11@example.com
User12 Name,user12@example.com
User13 Name,user13@example.com
User14 Name,user14@example.com
User15 Name,user15@example.com
User16 Name,user16@example.com
User17 Name,user17@example.com
User18 Name,user18@example.com
User19 Name,user19@example.com
User20 Name,user20@example.com
